Date,Price,Open,High,Low,Change%
03-22-2021,7.9167,8.1263,7.5526,7.6997,-2.58%
03-21-2021,8.1263,8.3235,7.5636,8.0986,12.65%
03-19-2021,7.2140,7.3250,7.5594,7.1909,-1.44%
03-18-2021,7.3193,7.5037,7.5680,7.2874,-2.43%
03-17-2021,7.5017,7.4950,7.5711,7.4790,0.15%
03-16-2021,7.4907,7.5378,7.5547,7.4645,-0.54%
03-15-2021,7.5316,7.5635,7.6212,7.4955,-0.36%
03-12-2021,7.5586,7.4805,7.6231,7.4690,1.31%
03-11-2021,7.4612,7.5010,7.5601,7.4270,-0.48%
03-10-2021,7.4974,7.6170,7.6707,7.4912,-1.50%
03-09-2021,7.6116,7.7565,7.7861,7.5862,-2.04%
03-08-2021,7.7698,7.5380,7.7857,7.5095,3.12%
03-05-2021,7.5348,7.5079,7.5856,7.4668,0.48%
03-04-2021,7.4989,7.4618,7.5833,7.4011,0.57%
03-03-2021,7.4565,7.3522,7.5009,7.2905,1.49%
03-02-2021,7.3472,7.2886,7.4231,7.2741,0.97%
03-01-2021,7.2769,7.4269,7.4296,7.2181,-1.96%
02-26-2021,7.4226,7.3418,7.4925,7.2979,1.20%
02-25-2021,7.3345,7.1684,7.4460,7.1537,2.37%
02-24-2021,7.1648,7.1068,7.2527,7.0721,0.88%
02-23-2021,7.1020,7.0201,7.1178,7.0017,1.25%
02-22-2021,7.0144,6.9637,7.0925,6.9576,0.80%
02-19-2021,6.9587,6.9719,7.0086,6.9460,0.01%
02-18-2021,6.9583,6.9710,7.0118,6.9201,-0.15%
02-17-2021,6.9687,6.9928,7.0603,6.9565,-0.25%
02-16-2021,6.9863,6.9655,7.0213,6.8882,0.40%
02-15-2021,6.9584,7.0355,7.0386,6.9427,-1.05%
02-12-2021,7.0319,7.0227,7.0543,7.0037,0.12%
02-11-2021,7.0235,7.0619,7.0718,7.0051,-0.42%
02-10-2021,7.0528,7.0655,7.0890,7.0287,-0.08%
02-09-2021,7.0581,7.0713,7.1451,7.0612,-0.13%
02-08-2021,7.0671,7.0601,7.1256,7.0237,0.26%
02-05-2021,7.0488,7.1373,7.1491,7.0289,-1.18%
02-04-2021,7.1333,7.1624,7.1836,7.0952,-0.33%
02-03-2021,7.1570,7.1967,7.2058,7.1198,-0.48%
02-02-2021,7.1917,7.1920,7.2042,7.0851,0.05%
02-01-2021,7.1883,7.3151,7.3177,7.1557,-1.66%
01-29-2021,7.3099,7.3430,7.3910,7.2695,-0.31%
01-28-2021,7.3324,7.3955,7.4365,7.3262,-0.80%
01-27-2021,7.3918,7.3464,7.4166,7.3355,0.67%
01-26-2021,7.3429,7.4065,7.4376,7.3290,-0.83%
01-25-2021,7.4040,7.4147,7.4309,7.3624,-0.09%
01-22-2021,7.4106,7.3684,7.4460,7.3643,0.64%
01-21-2021,7.3636,7.4201,7.4292,7.3440,-0.72%
01-20-2021,7.4169,7.4770,7.4888,7.3846,-0.70%
01-19-2021,7.4691,7.4818,7.4914,7.4132,-0.10%
01-18-2021,7.4768,7.4729,7.5458,7.4551,0.05%
01-15-2021,7.4733,7.3615,7.5178,7.3495,1.40%
01-14-2021,7.3699,7.4014,7.4640,7.3494,-0.32%
01-13-2021,7.3934,7.4530,7.4776,7.3861,-0.74%
01-12-2021,7.4482,7.4791,7.5248,7.4194,-0.34%
01-11-2021,7.4733,7.3636,7.5321,7.3584,1.38%
01-08-2021,7.3713,7.3198,7.4194,7.3045,0.77%
01-07-2021,7.3149,7.3067,7.3955,7.2372,0.14%
01-06-2021,7.3047,7.3893,7.3973,7.2663,-1.10%
01-05-2021,7.3856,7.4263,7.4382,7.3591,-0.46%
01-04-2021,7.4198,7.4403,7.4470,7.3393,-0.26%
01-01-2021,7.4392,7.4392,7.4392,7.4392,0.00%
12-31-2020,7.4392,7.3810,7.4928,7.3461,0.84%
12-30-2020,7.3774,7.3865,7.3993,7.3030,-0.06%
12-29-2020,7.3815,7.4466,7.4804,7.3376,-0.81%
12-28-2020,7.4416,7.5716,7.5756,7.4035,-1.40%
12-25-2020,7.5470,7.5801,7.6016,7.5305,-0.37%
12-24-2020,7.5747,7.6398,7.6757,7.5460,-0.80%
12-23-2020,7.6361,7.6632,7.6711,7.6140,-0.27%
12-22-2020,7.6570,7.6506,7.6786,7.6129,0.10%
12-21-2020,7.6491,7.6310,7.7376,7.6234,0.33%
12-18-2020,7.6239,7.7009,7.7607,7.6122,-0.94%
12-17-2020,7.6959,7.7999,7.8097,7.6896,-1.27%
12-16-2020,7.7949,7.8440,7.8492,7.7573,-0.45%
12-15-2020,7.8300,7.8534,7.8734,7.8113,-0.23%
12-14-2020,7.8483,7.8601,7.9392,7.8234,-0.10%
12-11-2020,7.8562,7.8841,8.0347,7.8149,-0.38%
12-10-2020,7.8864,7.8263,7.9256,7.8163,0.91%
12-09-2020,7.8156,7.8155,7.8524,7.7888,0.13%
12-08-2020,7.8055,7.8007,7.8529,7.7865,0.11%
12-07-2020,7.7973,7.8029,7.8774,7.7958,-0.01%
12-04-2020,7.7981,7.7739,7.8498,7.7477,0.41%
12-03-2020,7.7665,7.8524,7.9250,7.7497,-1.07%
12-02-2020,7.8502,7.8290,7.8836,7.7717,0.32%
12-01-2020,7.8248,7.8328,7.9213,7.7961,-0.05%
11-30-2020,7.8284,7.8353,7.8653,7.7424,-0.06%
11-27-2020,7.8332,7.8695,7.8952,7.7613,-0.46%
11-26-2020,7.8691,7.9311,7.9735,7.8456,-0.76%
11-25-2020,7.9297,8.0022,8.0171,7.9051,-0.86%
11-24-2020,7.9982,7.8848,8.0530,7.8295,1.49%
11-23-2020,7.8810,7.6400,7.9569,7.6349,3.26%
11-20-2020,7.6323,7.5529,7.7055,7.5258,1.08%
11-19-2020,7.5507,7.7060,7.7431,7.5035,-1.99%
11-18-2020,7.7040,7.7002,7.7914,7.6700,0.10%
11-17-2020,7.6962,7.7015,7.8061,7.6603,-0.02%
11-16-2020,7.6976,7.6612,7.7680,7.5920,0.49%
11-13-2020,7.6602,7.6899,7.7583,7.5936,-0.35%
11-12-2020,7.6869,7.7996,7.8997,7.6547,-1.41%
11-11-2020,7.7966,8.1452,8.2041,7.7832,-4.27%
11-10-2020,8.1446,8.0660,8.3819,8.0510,1.01%
11-09-2020,8.0634,8.4316,8.4543,7.9887,-5.36%
11-06-2020,8.5200,8.4220,8.5876,8.3993,1.19%
11-05-2020,8.4202,8.4262,8.4859,8.4023,-0.06%
11-04-2020,8.4251,8.4041,8.5320,8.3827,0.28%
11-03-2020,8.4016,8.4221,8.5471,8.3924,-0.21%
11-02-2020,8.4190,8.3467,8.4486,8.3401,0.89%
10-30-2020,8.3448,8.2922,8.3899,8.2674,0.68%
10-29-2020,8.2881,8.2576,8.3315,8.2568,0.39%
10-28-2020,8.2559,8.1853,8.3244,8.1827,0.86%
10-27-2020,8.1854,8.0837,8.1989,8.0815,1.31%
10-26-2020,8.0797,7.9645,8.0995,7.9585,1.49%
10-23-2020,7.9610,7.9351,7.9833,7.9145,0.35%
10-22-2020,7.9329,7.8125,7.9880,7.7792,1.60%
10-21-2020,7.8081,7.8663,7.8847,7.7880,-0.67%
10-20-2020,7.8609,7.8837,7.9109,7.8542,-0.24%
10-19-2020,7.8797,7.9353,7.9416,7.8691,-0.64%
10-16-2020,7.9304,7.9356,7.9599,7.8856,-0.01%
10-15-2020,7.9310,7.9118,7.9538,7.9059,0.29%
10-14-2020,7.9084,7.9167,7.9612,7.8970,-0.08%
10-13-2020,7.9146,7.8900,7.9324,7.8738,0.34%
10-12-2020,7.8879,7.8602,7.9157,7.8510,0.40%
10-09-2020,7.8566,7.9447,7.9591,7.8372,-1.06%
10-08-2020,7.9406,7.8847,7.9485,7.8741,0.76%
10-07-2020,7.8808,7.7993,7.8967,7.7821,1.13%
10-06-2020,7.7931,7.7639,7.8084,7.7411,0.43%
10-05-2020,7.7599,7.7714,7.7906,7.7206,-0.14%
10-02-2020,7.7708,7.7498,7.7931,7.7066,0.27%
10-01-2020,7.7500,7.7187,7.7880,7.6219,0.44%
09-30-2020,7.7157,7.8189,7.8400,7.6969,-1.26%
09-29-2020,7.8139,7.8044,7.8669,7.7590,0.15%
09-28-2020,7.8024,7.6648,7.8409,7.6531,1.85%
09-25-2020,7.6607,7.6228,7.6865,7.4915,0.51%
09-24-2020,7.6216,7.7005,7.7228,7.5380,-0.98%
09-23-2020,7.6967,7.6658,7.7137,7.6424,0.45%
09-22-2020,7.6619,7.6318,7.6751,7.6118,0.42%
09-21-2020,7.6299,7.5608,7.6439,7.5387,0.97%
09-18-2020,7.5563,7.5503,7.5932,7.5240,0.13%
09-17-2020,7.5464,7.5052,7.5663,7.4825,0.55%
09-16-2020,7.5054,7.4892,7.5182,7.4640,0.27%
09-15-2020,7.4854,7.4879,7.5022,7.4548,0.02%
09-14-2020,7.4840,7.4720,7.5038,7.4590,0.16%
09-11-2020,7.4724,7.4502,7.4828,7.4314,0.33%
09-10-2020,7.4481,7.4889,7.5015,7.3977,-0.49%
09-09-2020,7.4848,7.4850,7.5001,7.4565,0.04%
09-08-2020,7.4817,7.4577,7.4921,7.4390,0.37%
09-07-2020,7.4542,7.4360,7.4696,7.4203,0.28%
09-04-2020,7.4331,7.4352,7.4651,7.3980,-0.01%
09-03-2020,7.4335,7.3860,7.4549,7.3661,0.69%
09-02-2020,7.3822,7.3694,7.4036,7.3475,0.23%
09-01-2020,7.3652,7.3513,7.3789,7.3158,0.25%
08-31-2020,7.3466,7.3314,7.3731,7.3110,0.19%
08-28-2020,7.3329,7.3604,7.3797,7.2727,-0.35%
08-27-2020,7.3587,7.3703,7.3915,7.2857,-0.10%
08-26-2020,7.3662,7.3932,7.4212,7.3133,-0.31%
08-25-2020,7.3893,7.3783,7.4085,7.3533,0.17%
08-24-2020,7.3768,7.3332,7.3860,7.3035,0.55%
08-21-2020,7.3365,7.2986,7.3527,7.1840,0.59%
08-20-2020,7.2938,7.2923,7.3588,7.2640,0.05%
08-19-2020,7.2905,7.3736,7.3881,7.1933,-1.07%
08-18-2020,7.3696,7.3839,7.4036,7.3355,-0.12%
08-17-2020,7.3787,7.3750,7.4014,7.3559,0.17%
08-14-2020,7.3664,7.3383,7.3885,7.3291,0.42%
08-13-2020,7.3354,7.3328,7.3665,7.2655,0.10%
08-12-2020,7.3282,7.2182,7.3484,7.1842,1.75%
08-11-2020,7.2025,7.3351,7.3565,7.1753,-1.78%
08-10-2020,7.3329,7.2898,7.3689,7.2337,0.53%
08-07-2020,7.2941,7.2396,7.3755,7.1085,0.76%
08-06-2020,7.2389,7.0475,7.3215,7.0200,2.71%
08-05-2020,7.0476,6.9015,7.0895,6.8945,2.13%
08-04-2020,6.9008,6.9576,7.0342,6.8868,-0.82%
08-03-2020,6.9578,6.9745,6.9943,6.9472,-0.20%
07-31-2020,6.9720,6.9974,7.0153,6.9570,-0.34%
07-30-2020,6.9955,6.9832,7.0151,6.9402,0.18%
07-29-2020,6.9830,6.9363,7.0076,6.9215,0.69%
07-28-2020,6.9355,6.8625,6.9785,6.8542,1.06%
07-27-2020,6.8625,6.8468,6.9655,6.8355,0.21%
07-24-2020,6.8484,6.8433,6.8547,6.8310,0.07%
07-23-2020,6.8439,6.8510,6.8548,6.8250,-0.10%
07-22-2020,6.8506,6.8247,6.8569,6.8185,0.37%
07-21-2020,6.8254,6.8577,6.8671,6.8165,-0.47%
07-20-2020,6.8578,6.8586,6.8688,6.8445,-0.01%
07-17-2020,6.8587,6.8573,6.8776,6.8436,0.02%
07-16-2020,6.8572,6.8558,6.8660,6.8460,0.02%
07-15-2020,6.8558,6.8639,6.8705,6.8510,-0.12%
07-14-2020,6.8642,6.8602,6.8721,6.8523,0.06%
07-13-2020,6.8602,6.8677,6.8760,6.8422,-0.08%
07-10-2020,6.8658,6.8618,6.8724,6.8504,0.06%
07-09-2020,6.8619,6.8605,6.8693,6.8478,0.02%
07-08-2020,6.8605,6.8595,6.8689,6.8457,0.01%
07-07-2020,6.8595,6.8605,6.8706,6.8453,-0.02%
07-06-2020,6.8609,6.8618,6.8743,6.8359,-0.02%
07-03-2020,6.8623,6.8509,6.9899,6.8404,0.17%
07-02-2020,6.8510,6.8480,6.8591,6.8365,0.05%
07-01-2020,6.8479,6.8534,6.8598,6.8385,-0.07%
06-30-2020,6.8525,6.8549,6.8590,6.8386,-0.03%
06-29-2020,6.8548,6.8539,6.8592,6.8415,0.00%
06-26-2020,6.8546,6.8548,6.8631,6.8403,-0.00%
06-25-2020,6.8549,6.8563,6.8620,6.8265,-0.01%
06-24-2020,6.8558,6.8515,6.8623,6.8362,0.07%
06-23-2020,6.8511,6.8491,6.8627,6.8335,0.04%
06-22-2020,6.8483,6.8478,6.8611,6.8313,-0.07%
06-19-2020,6.8531,6.8563,6.8628,6.8260,-0.05%
06-18-2020,6.8562,6.8448,6.8641,6.8292,0.17%
06-17-2020,6.8448,6.8442,6.8618,6.8253,0.01%
06-16-2020,6.8439,6.8362,6.8540,6.8127,0.11%
06-15-2020,6.8363,6.8136,6.8637,6.8054,0.35%
06-12-2020,6.8126,6.8415,6.8467,6.7930,-0.42%
06-11-2020,6.8414,6.7768,6.8572,6.7667,0.95%
06-10-2020,6.7768,6.7965,6.8029,6.7610,-0.30%
06-09-2020,6.7973,6.7888,6.8096,6.7678,0.14%
06-08-2020,6.7876,6.7673,6.7969,6.7570,0.26%
06-05-2020,6.7700,6.7557,6.7962,6.7325,0.21%
06-04-2020,6.7558,6.7439,6.7723,6.7165,0.17%
06-03-2020,6.7440,6.7048,6.7705,6.6835,0.44%
06-02-2020,6.7145,6.8143,6.8232,6.6870,-1.46%
06-01-2020,6.8142,6.8221,6.8293,6.7905,-0.09%
05-29-2020,6.8202,6.8157,6.8437,6.7975,0.09%
05-28-2020,6.8138,6.7733,6.8245,6.7673,0.59%
05-27-2020,6.7739,6.7280,6.7862,6.7190,0.69%
05-26-2020,6.7275,6.8101,6.8215,6.6957,-1.21%
05-25-2020,6.8100,6.8146,6.8213,6.7983,-0.07%
05-22-2020,6.8147,6.7923,6.8316,6.7818,0.34%
05-21-2020,6.7916,6.7907,6.8188,6.7778,0.01%
05-20-2020,6.7912,6.7775,6.8018,6.7639,0.20%
05-19-2020,6.7775,6.8850,6.8878,6.7536,-1.56%
05-18-2020,6.8851,6.8991,6.9036,6.8235,-0.23%
05-15-2020,6.9012,6.9221,6.9323,6.8928,-0.30%
05-14-2020,6.9220,6.9745,6.9868,6.8988,-0.76%
05-13-2020,6.9748,6.9971,7.0004,6.9647,-0.32%
05-12-2020,6.9971,7.0713,7.0784,6.9699,-1.12%
05-11-2020,7.0762,7.0844,7.1118,7.0530,-0.11%
05-08-2020,7.0840,7.1195,7.1802,7.0575,-0.50%
05-07-2020,7.1195,7.1954,7.2712,7.0623,-1.07%
05-06-2020,7.1968,7.0745,7.2115,7.0624,1.73%
05-05-2020,7.0746,7.0442,7.1038,7.0205,0.45%
05-04-2020,7.0430,7.0158,7.0553,6.9965,0.44%
05-01-2020,7.0120,6.9866,7.0441,6.9785,0.37%
04-30-2020,6.9864,6.9521,6.9963,6.9433,0.49%
04-29-2020,6.9520,6.9868,6.9960,6.9433,-0.50%
04-28-2020,6.9868,6.9862,7.0051,6.9788,0.01%
04-27-2020,6.9861,6.9707,6.9973,6.9450,0.17%
04-24-2020,6.9742,6.9395,6.9970,6.9395,0.40%
04-23-2020,6.9462,6.9797,7.0005,6.9226,-0.47%
04-22-2020,6.9787,6.9812,7.0097,6.9516,-0.04%
04-21-2020,6.9812,6.9394,7.0008,6.9346,0.59%
04-20-2020,6.9402,6.9314,6.9575,6.8714,0.12%
04-17-2020,6.9317,6.9397,6.9584,6.8253,-0.11%
04-16-2020,6.9397,6.9118,6.9605,6.8860,0.40%
04-15-2020,6.9118,6.8153,6.9283,6.8127,1.41%
04-14-2020,6.8155,6.7723,6.8256,6.7603,0.64%
04-13-2020,6.7721,6.7033,6.8018,6.7009,1.07%
04-10-2020,6.7001,6.6746,6.7298,6.6590,0.38%
04-09-2020,6.6746,6.7737,6.7979,6.6164,-1.46%
04-08-2020,6.7737,6.7550,6.7968,6.7512,0.29%
04-07-2020,6.7540,6.7801,6.7895,6.6927,-0.41%
04-06-2020,6.7815,6.7291,6.7951,6.7075,0.75%
04-03-2020,6.7310,6.6137,6.7517,6.6083,1.75%
04-02-2020,6.6153,6.7024,6.7205,6.5891,-1.31%
04-01-2020,6.7030,6.6149,6.7140,6.6087,1.34%
03-31-2020,6.6143,6.5764,6.6272,6.5490,0.56%
03-30-2020,6.5773,6.4549,6.5974,6.4433,1.89%
03-27-2020,6.4550,6.3982,6.4764,6.3885,0.89%
03-26-2020,6.3979,6.4169,6.5117,6.3793,-0.30%
03-25-2020,6.4170,6.4205,6.4773,6.3773,-0.05%
03-24-2020,6.4203,6.5605,6.5740,6.3917,-2.16%
03-23-2020,6.5617,6.5528,6.6185,6.5403,0.14%
03-20-2020,6.5525,6.5438,6.5665,6.4548,0.13%
03-19-2020,6.5439,6.4840,6.5582,6.4653,1.06%
03-18-2020,6.4752,6.4010,6.4945,6.3995,1.22%
03-17-2020,6.3974,6.4313,6.4980,6.3780,-0.53%
03-16-2020,6.4315,6.3310,6.4465,6.2780,1.57%
03-13-2020,6.3321,6.3139,6.3392,6.2400,0.26%
03-12-2020,6.3159,6.2089,6.3210,6.2027,1.72%
03-11-2020,6.2091,6.1584,6.2141,6.1245,0.84%
03-10-2020,6.1575,6.1485,6.1725,6.0996,0.22%
03-09-2020,6.1442,6.0919,6.1951,6.0833,0.86%
03-06-2020,6.0919,6.1097,6.1296,6.0645,-0.30%
03-05-2020,6.1105,6.0785,6.1354,6.0527,0.55%
03-04-2020,6.0773,6.1058,6.1472,6.0547,-0.49%
03-03-2020,6.1070,6.1779,6.2248,6.0307,-1.09%
03-02-2020,6.1743,6.2453,6.2615,6.1575,-1.10%
02-28-2020,6.2427,6.2110,6.2605,6.1950,0.56%
02-27-2020,6.2078,6.1570,6.2115,6.1452,0.79%
02-26-2020,6.1590,6.1441,6.1674,6.1360,0.24%
02-25-2020,6.1441,6.1189,6.1612,6.0659,0.43%
02-24-2020,6.1177,6.0962,6.1624,6.0932,0.35%
02-21-2020,6.0964,6.1002,6.1289,6.0870,-0.07%
02-20-2020,6.1004,6.0825,6.1114,6.0760,0.30%
02-19-2020,6.0823,6.0629,6.0892,6.0447,0.30%
02-18-2020,6.0642,6.0455,6.0765,6.0410,0.32%
02-17-2020,6.0449,6.0542,6.0602,6.0332,-0.09%
02-14-2020,6.0505,6.0377,6.0683,6.0311,0.17%
02-13-2020,6.0405,6.0480,6.0686,6.0353,-0.02%
02-12-2020,6.0420,6.0130,6.0670,5.9960,0.43%
02-11-2020,6.0163,6.0098,6.0501,5.9985,0.09%
02-10-2020,6.0108,6.0164,6.0257,5.9720,-0.07%
02-07-2020,6.0153,5.9869,6.0476,5.9725,0.47%
02-06-2020,5.9874,5.9803,5.9900,5.9726,0.08%
02-05-2020,5.9827,5.9820,5.9920,5.9688,0.04%
02-04-2020,5.9801,5.9843,5.9888,5.9575,-0.07%
02-03-2020,5.9844,5.9829,5.9877,5.9729,0.04%
01-31-2020,5.9822,5.9727,5.9870,5.9639,0.16%
01-30-2020,5.9725,5.9617,5.9934,5.9563,0.27%
01-29-2020,5.9567,5.9409,5.9753,5.9327,0.28%
01-28-2020,5.9403,5.9422,5.9537,5.9260,-0.06%
01-27-2020,5.9440,5.9392,5.9574,5.9290,0.08%
01-24-2020,5.9391,5.9314,5.9478,5.9170,0.08%
01-23-2020,5.9344,5.9220,5.9495,5.8994,0.21%
01-22-2020,5.9222,5.9405,5.9478,5.9150,-0.26%
01-21-2020,5.9376,5.9121,5.9416,5.9107,0.41%
01-20-2020,5.9132,5.8810,5.9218,5.8810,0.38%
01-17-2020,5.8908,5.8574,5.9106,5.8410,0.53%
01-16-2020,5.8597,5.8773,5.8963,5.8350,-0.27%
01-15-2020,5.8758,5.8815,5.9008,5.8654,-0.10%
01-14-2020,5.8819,5.8674,5.9036,5.8579,0.25%
01-13-2020,5.8671,5.8839,5.8845,5.8509,-0.18%
01-10-2020,5.8777,5.8706,5.8966,5.8535,0.06%
01-09-2020,5.8739,5.9093,5.9306,5.8593,-0.60%
01-08-2020,5.9091,5.9710,5.9881,5.8950,-1.06%
01-07-2020,5.9727,5.9677,5.9791,5.9459,0.06%
01-06-2020,5.9690,5.9758,5.9811,5.9631,-0.06%
01-03-2020,5.9723,5.9545,5.9785,5.9460,0.26%
01-02-2020,5.9566,5.9458,5.9615,5.9415,0.17%
01-01-2020,5.9466,5.9461,5.9491,5.9375,-0.04%
12-31-2019,5.9489,5.9451,5.9521,5.9369,0.02%
12-30-2019,5.9479,5.9521,5.9540,5.9348,-0.04%
12-27-2019,5.9502,5.9261,5.9604,5.9220,0.28%
12-26-2019,5.9335,5.9344,5.9479,5.9289,-0.03%
12-25-2019,5.9350,5.9459,5.9488,5.9260,-0.20%
12-24-2019,5.9468,5.9474,5.9564,5.9250,-0.03%
12-23-2019,5.9486,5.9393,5.9513,5.9135,0.14%
12-20-2019,5.9400,5.9424,5.9469,5.8994,-0.03%
12-19-2019,5.9417,5.9260,5.9475,5.8987,0.26%
12-18-2019,5.9261,5.8866,5.9345,5.8852,0.68%
12-17-2019,5.8860,5.8503,5.8930,5.8441,0.62%
12-16-2019,5.8498,5.8116,5.8625,5.8029,0.72%
12-13-2019,5.8082,5.7885,5.8264,5.7639,0.29%
12-12-2019,5.7914,5.8084,5.8122,5.7585,-0.28%
12-11-2019,5.8074,5.8038,5.8188,5.7880,0.03%
12-10-2019,5.8057,5.8104,5.8205,5.7865,-0.10%
12-09-2019,5.8113,5.7786,5.8201,5.7709,0.60%
12-06-2019,5.7766,5.7458,5.7898,5.7350,0.49%
12-05-2019,5.7485,5.7459,5.7724,5.7364,-0.04%
12-04-2019,5.7508,5.7429,5.7611,5.7304,0.13%
12-03-2019,5.7431,5.7395,5.7645,5.7241,0.03%
12-02-2019,5.7415,5.7488,5.7663,5.7293,-0.10%
11-29-2019,5.7470,5.7496,5.7669,5.7310,-0.20%
11-28-2019,5.7585,5.7795,5.7903,5.7536,-0.34%
11-27-2019,5.7779,5.7575,5.7914,5.7445,0.32%
11-26-2019,5.7597,5.7420,5.7736,5.7316,0.32%
11-25-2019,5.7416,5.7246,5.7611,5.7034,0.50%
11-22-2019,5.7132,5.6890,5.7235,5.6840,0.29%
11-21-2019,5.6966,5.7027,5.7138,5.6830,-0.05%
11-20-2019,5.6997,5.7021,5.7283,5.6856,0.01%
11-19-2019,5.6990,5.7299,5.7422,5.6900,-0.66%
11-18-2019,5.7369,5.7465,5.7566,5.7171,-0.15%
11-15-2019,5.7453,5.7451,5.7702,5.7330,-0.04%
11-14-2019,5.7477,5.7421,5.7820,5.7351,0.13%
11-13-2019,5.7403,5.7746,5.7818,5.7280,-0.65%
11-12-2019,5.7776,5.7702,5.7823,5.7565,0.07%
11-11-2019,5.7733,5.7711,5.7987,5.7598,0.11%
11-08-2019,5.7668,5.7515,5.7712,5.7330,0.25%
11-07-2019,5.7522,5.7521,5.7676,5.7306,0.02%
11-06-2019,5.7508,5.7545,5.7752,5.7419,-0.04%
11-05-2019,5.7533,5.7382,5.7669,5.7145,0.25%
11-04-2019,5.7387,5.7065,5.7413,5.6750,0.46%
11-01-2019,5.7124,5.7251,5.7525,5.7042,-0.01%
10-31-2019,5.7130,5.7072,5.7321,5.6974,0.19%
10-30-2019,5.7020,5.7348,5.7704,5.6925,-0.62%
10-29-2019,5.7373,5.7332,5.7562,5.7145,0.11%
10-28-2019,5.7312,5.7767,5.7785,5.7140,-0.75%
10-25-2019,5.7748,5.7625,5.7917,5.7475,0.18%
10-24-2019,5.7647,5.7345,5.7812,5.7252,0.52%
10-23-2019,5.7351,5.8088,5.8134,5.7240,-1.26%
10-22-2019,5.8084,5.8584,5.8652,5.7835,-0.85%
10-21-2019,5.8582,5.7947,5.8697,5.7778,1.14%
10-18-2019,5.7919,5.8287,5.8325,5.7435,-0.65%
10-17-2019,5.8299,5.8871,5.9315,5.8132,-0.97%
10-16-2019,5.8870,5.9131,5.9321,5.8680,-0.50%
10-15-2019,5.9165,5.9348,5.9414,5.8601,-0.18%
10-14-2019,5.9271,5.8852,5.9383,5.8851,0.71%
10-11-2019,5.8853,5.8347,5.8989,5.8055,0.84%
10-10-2019,5.8365,5.8715,5.9021,5.8178,-0.59%
10-09-2019,5.8712,5.8308,5.8787,5.8113,0.69%
10-08-2019,5.8311,5.8336,5.8517,5.7770,-0.03%
10-07-2019,5.8328,5.7046,5.8452,5.6940,2.40%
10-04-2019,5.6962,5.6926,5.7127,5.6700,0.03%
10-03-2019,5.6947,5.7024,5.7176,5.6650,-0.13%
10-02-2019,5.7020,5.7272,5.7641,5.6963,-0.37%
10-01-2019,5.7231,5.6459,5.7324,5.6370,1.31%
09-30-2019,5.6489,5.6708,5.6772,5.6280,-0.39%
09-27-2019,5.6708,5.6653,5.6894,5.6415,0.09%
09-26-2019,5.6655,5.6706,5.6988,5.6418,-0.09%
09-25-2019,5.6706,5.6993,5.7134,5.6655,-0.47%
09-24-2019,5.6973,5.7158,5.7221,5.6620,-0.35%
09-23-2019,5.7174,5.7430,5.7453,5.7065,-0.46%
09-20-2019,5.7439,5.7150,5.7494,5.6750,0.44%
09-19-2019,5.7187,5.6799,5.7252,5.6678,0.74%
09-18-2019,5.6768,5.7052,5.7116,5.6528,-0.43%
09-17-2019,5.7016,5.7293,5.7451,5.6890,-0.48%
09-16-2019,5.7290,5.6893,5.7461,5.6891,0.75%
09-13-2019,5.6861,5.6556,5.6935,5.6440,0.52%
09-12-2019,5.6566,5.7560,5.7763,5.6555,-1.65%
09-11-2019,5.7515,5.7703,5.7972,5.7428,-0.29%
09-10-2019,5.7683,5.7516,5.7915,5.7397,0.32%
09-09-2019,5.7500,5.7137,5.7660,5.6940,0.60%
09-06-2019,5.7155,5.6916,5.7295,5.6750,0.42%
09-05-2019,5.6917,5.6711,5.7068,5.6452,0.44%
09-04-2019,5.6670,5.7284,5.7347,5.6400,-1.09%
09-03-2019,5.7293,5.8074,5.8232,5.7165,-1.33%
09-02-2019,5.8068,5.8330,5.8419,5.7904,-0.41%
08-30-2019,5.8306,5.8390,5.8514,5.8134,-0.16%
08-29-2019,5.8400,5.8120,5.8481,5.7955,0.46%
08-28-2019,5.8134,5.8307,5.8403,5.7873,-0.24%
08-27-2019,5.8275,5.8296,5.8635,5.7947,0.04%
08-26-2019,5.8252,5.7653,5.8423,5.7647,1.13%
08-23-2019,5.7599,5.7689,5.7774,5.7260,-0.15%
08-22-2019,5.7688,5.7175,5.7899,5.7050,0.92%
08-21-2019,5.7162,5.7358,5.7446,5.7008,-0.22%
08-20-2019,5.7290,5.6622,5.7500,5.6345,1.20%
08-19-2019,5.6609,5.5864,5.6805,5.5611,1.48%
08-16-2019,5.5785,5.5680,5.5867,5.5205,0.19%
08-15-2019,5.5680,5.6143,5.6188,5.5388,-0.80%
08-14-2019,5.6128,5.5611,5.6310,5.5557,0.90%
08-13-2019,5.5629,5.5674,5.6383,5.5489,-0.02%
08-12-2019,5.5640,5.4951,5.5777,5.4898,1.32%
08-09-2019,5.4917,5.4760,5.5138,5.4460,0.25%
08-08-2019,5.4782,5.5000,5.5217,5.4501,-0.28%
08-07-2019,5.4938,5.5202,5.5356,5.4538,-0.49%
08-06-2019,5.5209,5.5656,5.5953,5.5062,-0.91%
08-05-2019,5.5715,5.5600,5.6185,5.5240,0.21%
08-02-2019,5.5597,5.6029,5.6188,5.5418,-0.79%
08-01-2019,5.6039,5.5812,5.6295,5.5496,0.31%
07-31-2019,5.5864,5.5559,5.6211,5.5040,0.48%
07-30-2019,5.5597,5.6163,5.6249,5.5424,-0.98%
07-29-2019,5.6148,5.6758,5.6758,5.5935,-1.00%
07-26-2019,5.6718,5.7025,5.7064,5.6000,-0.54%
07-25-2019,5.7027,5.7086,5.7680,5.6395,-0.10%
07-24-2019,5.7085,5.7209,5.7394,5.6944,-0.16%
07-23-2019,5.7178,5.6795,5.7252,5.6610,0.72%
07-22-2019,5.6770,5.6403,5.6947,5.6316,0.39%
07-19-2019,5.6551,5.6176,5.6776,5.6080,0.66%
07-18-2019,5.6181,5.6859,5.7133,5.6128,-1.16%
07-17-2019,5.6842,5.7134,5.7208,5.6656,-0.48%
07-16-2019,5.7118,5.7125,5.7239,5.6845,-0.05%
07-15-2019,5.7148,5.7220,5.7355,5.6968,-0.09%
07-12-2019,5.7200,5.6831,5.7883,5.6604,0.82%
07-11-2019,5.6734,5.6762,5.6935,5.6456,-0.01%
07-10-2019,5.6741,5.7294,5.7599,5.6658,-1.01%
07-09-2019,5.7322,5.7392,5.7485,5.6765,-0.08%
07-08-2019,5.7367,5.6295,5.7940,5.6294,1.92%
07-05-2019,5.6288,5.5952,5.6452,5.5805,0.60%
07-04-2019,5.5953,5.6243,5.6272,5.5725,-0.53%
07-03-2019,5.6249,5.6631,5.6723,5.6002,-0.49%
07-02-2019,5.6528,5.6534,5.7037,5.6193,0.04%
07-01-2019,5.6507,5.7986,5.7986,5.6196,-2.44%
06-28-2019,5.7921,5.7761,5.8029,5.7388,0.34%
06-27-2019,5.7725,5.7770,5.7949,5.7517,-0.04%
06-26-2019,5.7749,5.7930,5.8187,5.7440,-0.35%
06-25-2019,5.7949,5.8089,5.8303,5.7450,-0.24%
06-24-2019,5.8090,5.8213,5.8302,5.6975,-0.21%
06-21-2019,5.8214,5.7609,5.8384,5.7459,0.99%
06-20-2019,5.7644,5.7946,5.8293,5.7223,-0.47%
06-19-2019,5.7914,5.8350,5.9234,5.7876,-0.63%
06-18-2019,5.8284,5.8746,5.8835,5.8126,-0.76%
06-17-2019,5.8733,5.9026,5.9306,5.8476,-0.48%
06-14-2019,5.9015,5.8647,5.9329,5.8450,0.57%
06-13-2019,5.8682,5.8094,5.9055,5.8041,1.04%
06-12-2019,5.8080,5.7967,5.8290,5.7570,0.18%
06-11-2019,5.7976,5.7807,5.8423,5.7455,0.40%
06-10-2019,5.7747,5.8324,5.8592,5.7510,-0.97%
06-07-2019,5.8310,5.7768,5.8690,5.7720,0.88%
06-06-2019,5.7801,5.7303,5.8088,5.7139,0.86%
06-05-2019,5.7310,5.7827,5.7882,5.6641,-0.89%
06-04-2019,5.7824,5.8380,5.8685,5.7520,-0.88%
06-03-2019,5.8339,5.8435,5.8968,5.8196,-0.07%
05-31-2019,5.8382,5.8793,5.9225,5.8090,-0.66%
05-30-2019,5.8772,6.0098,6.0283,5.8496,-2.24%
05-29-2019,6.0121,6.0304,6.0579,5.9901,-0.33%
05-28-2019,6.0319,6.0646,6.0850,5.9811,-0.51%
05-27-2019,6.0629,6.0903,6.1070,6.0270,-0.32%
05-24-2019,6.0825,6.0963,6.1290,6.0370,-0.23%
05-23-2019,6.0964,6.0956,6.1520,6.0845,-0.06%
05-22-2019,6.1002,6.0606,6.1300,6.0518,0.79%
05-21-2019,6.0525,6.0287,6.0820,6.0060,0.42%
05-20-2019,6.0272,6.0631,6.0881,5.9983,-0.46%
05-17-2019,6.0550,6.0425,6.0953,6.0180,0.15%
05-16-2019,6.0457,6.0042,6.0553,5.9893,0.75%
05-15-2019,6.0007,6.0335,6.0891,5.9898,-0.50%
05-14-2019,6.0306,6.0607,6.1162,5.9787,-0.48%
05-13-2019,6.0594,6.0064,6.1346,5.9572,1.24%
05-10-2019,5.9851,6.1988,6.2126,5.9600,-3.35%
05-09-2019,6.1926,6.1810,6.2465,6.1509,0.11%
05-08-2019,6.1860,6.1484,6.1997,6.1375,0.57%
05-07-2019,6.1511,6.0780,6.1979,6.0714,1.16%
05-06-2019,6.0803,5.9664,6.1496,5.9663,1.94%
05-03-2019,5.9648,5.9736,5.9932,5.9577,0.01%
05-02-2019,5.9645,5.9671,5.9829,5.9425,-0.03%
05-01-2019,5.9665,5.9675,5.9699,5.9351,0.02%
04-30-2019,5.9656,5.9488,5.9875,5.9259,0.29%
04-29-2019,5.9483,5.9343,5.9629,5.9130,0.17%
04-26-2019,5.9382,5.9276,5.9696,5.9070,0.19%
04-25-2019,5.9268,5.8750,5.9811,5.8624,0.88%
04-24-2019,5.8753,5.8297,5.8954,5.8224,0.80%
04-23-2019,5.8287,5.8273,5.8534,5.8075,0.03%
04-22-2019,5.8272,5.8112,5.8570,5.8040,0.28%
04-19-2019,5.8112,5.8001,5.8352,5.7685,0.16%
04-18-2019,5.8018,5.7451,5.8543,5.7409,1.10%
04-17-2019,5.7387,5.7709,5.7966,5.6920,-0.55%
04-16-2019,5.7703,5.8073,5.8323,5.7382,-0.58%
04-15-2019,5.8041,5.7676,5.8243,5.7613,0.60%
04-12-2019,5.7693,5.7363,5.8235,5.7000,0.53%
04-11-2019,5.7388,5.6829,5.7600,5.6626,1.00%
04-10-2019,5.6818,5.6916,5.7207,5.6565,-0.22%
04-09-2019,5.6943,5.6897,5.7062,5.6307,0.07%
04-08-2019,5.6903,5.6261,5.7290,5.6111,1.14%
04-05-2019,5.6262,5.5890,5.6505,5.5505,0.60%
04-04-2019,5.5925,5.6265,5.6645,5.5414,-0.60%
04-03-2019,5.6260,5.6069,5.6566,5.5634,0.37%
04-02-2019,5.6050,5.4865,5.6792,5.4755,2.16%
04-01-2019,5.4863,5.5565,5.7040,5.4085,-1.25%
03-29-2019,5.5555,5.5726,5.6822,5.5535,-0.10%
03-28-2019,5.5610,5.3462,5.6275,5.3452,4.38%
03-27-2019,5.3278,5.3374,5.4654,5.2690,-0.00%
03-26-2019,5.3279,5.5469,5.5936,5.2992,-4.01%
03-25-2019,5.5503,5.7631,5.7726,5.5412,-3.69%
03-22-2019,5.7627,5.4654,5.8450,5.4470,5.44%
03-21-2019,5.4652,5.4245,5.4813,5.4205,0.82%
03-20-2019,5.4208,5.4760,5.4859,5.4082,-1.02%
03-19-2019,5.4764,5.4669,5.4884,5.4515,0.15%
03-18-2019,5.4683,5.4480,5.4748,5.4427,0.40%
03-15-2019,5.4467,5.4656,5.4768,5.4398,-0.37%
03-14-2019,5.4671,5.4573,5.4771,5.4538,0.20%
03-13-2019,5.4564,5.4563,5.4812,5.4450,-0.01%
03-12-2019,5.4572,5.4442,5.4672,5.4215,0.21%
03-11-2019,5.4455,5.4270,5.4616,5.4210,0.28%
03-08-2019,5.4303,5.4741,5.4917,5.4200,-0.75%
03-07-2019,5.4712,5.4267,5.4810,5.4170,0.78%
03-06-2019,5.4288,5.3868,5.4474,5.3585,0.78%
03-05-2019,5.3870,5.3718,5.4038,5.3593,0.19%
03-04-2019,5.3769,5.3777,5.4040,5.3632,0.05%
03-01-2019,5.3742,5.3371,5.4054,5.3265,0.70%
02-28-2019,5.3371,5.3080,5.3427,5.3040,0.44%
02-27-2019,5.3136,5.3050,5.3251,5.2808,0.13%
02-26-2019,5.3066,5.3051,5.3215,5.2876,0.08%
02-25-2019,5.3026,5.3198,5.3285,5.2912,-0.30%
02-22-2019,5.3186,5.3159,5.3414,5.3010,-0.05%
02-21-2019,5.3214,5.3288,5.3455,5.2982,-0.06%
02-20-2019,5.3244,5.2838,5.3322,5.2748,0.79%
02-19-2019,5.2828,5.2931,5.3247,5.2786,-0.48%
02-18-2019,5.3083,5.2817,5.3231,5.2762,0.70%
02-15-2019,5.2714,5.2704,5.3111,5.2430,-0.03%
02-14-2019,5.2729,5.2829,5.3252,5.2572,-0.23%
02-13-2019,5.2850,5.2538,5.2985,5.2352,0.64%
02-12-2019,5.2516,5.2787,5.2938,5.2470,-0.50%
02-11-2019,5.2779,5.2499,5.2930,5.2358,0.58%
02-08-2019,5.2474,5.2643,5.2781,5.2220,-0.37%
02-07-2019,5.2668,5.2176,5.2970,5.2085,0.96%
02-06-2019,5.2168,5.2014,5.2414,5.1977,0.35%
02-05-2019,5.1985,5.2217,5.2259,5.1790,-0.38%
02-04-2019,5.2182,5.2031,5.2444,5.2001,0.19%
02-01-2019,5.2084,5.1585,5.2308,5.1585,0.85%
01-31-2019,5.1645,5.2265,5.2462,5.1589,-1.16%
01-30-2019,5.2252,5.3095,5.3253,5.2090,-1.59%
01-29-2019,5.3098,5.3238,5.3647,5.2963,-0.34%
01-28-2019,5.3279,5.2585,5.3432,5.2432,1.12%
01-25-2019,5.2688,5.2615,5.2926,5.2455,0.07%
01-24-2019,5.2650,5.2848,5.3017,5.2446,-0.40%
01-23-2019,5.2860,5.3397,5.3578,5.2727,-1.08%
01-22-2019,5.3435,5.3265,5.3731,5.3216,0.35%
01-21-2019,5.3247,5.3258,5.3589,5.3144,-0.07%
01-18-2019,5.3283,5.3426,5.3777,5.3152,-0.37%
01-17-2019,5.3480,5.3326,5.3921,5.3321,0.22%
01-16-2019,5.3363,5.4500,5.4559,5.3263,-2.03%
01-15-2019,5.4466,5.4461,5.4715,5.4219,0.03%
01-14-2019,5.4447,5.4630,5.5534,5.4310,-0.19%
01-11-2019,5.4550,5.4196,5.5055,5.4000,0.71%
01-10-2019,5.4168,5.4801,5.5083,5.3975,-1.10%
01-09-2019,5.4768,5.4805,5.5486,5.4375,-0.08%
01-08-2019,5.4811,5.3814,5.5155,5.3740,1.79%
01-07-2019,5.3848,5.3362,5.4153,5.3171,1.01%
01-04-2019,5.3311,5.4587,5.4778,5.3058,-2.48%
01-03-2019,5.4664,5.4002,5.8300,5.3857,1.22%
01-02-2019,5.4003,5.3010,5.4215,5.2737,2.02%
01-01-2019,5.2933,5.2896,5.2933,5.2540,0.09%
12-31-2018,5.2887,5.2725,5.3220,5.2530,0.31%
12-28-2018,5.2725,5.2850,5.3008,5.2430,-0.24%
12-27-2018,5.2850,5.2749,5.3073,5.2644,0.16%
12-26-2018,5.2766,5.2965,5.3088,5.2702,-0.63%
12-25-2018,5.3101,5.3003,5.3560,5.2901,0.40%
12-24-2018,5.2890,5.3197,5.3251,5.2763,-0.55%
12-21-2018,5.3181,5.2619,5.3213,5.2300,1.01%
12-20-2018,5.2649,5.2928,5.3303,5.2255,-0.40%
12-19-2018,5.2861,5.3430,5.3551,5.1969,-1.10%
12-18-2018,5.3450,5.3697,5.3902,5.3250,-0.44%
12-17-2018,5.3686,5.3639,5.3973,5.3570,0.10%
12-14-2018,5.3635,5.3352,5.4219,5.3301,0.46%
12-13-2018,5.3392,5.3520,5.3917,5.2990,-0.17%
12-12-2018,5.3482,5.3703,5.4016,5.3309,-0.32%
12-11-2018,5.3653,5.3189,5.4045,5.3010,0.76%
12-10-2018,5.3248,5.2993,5.3580,5.2666,0.41%
12-07-2018,5.3029,5.3308,5.3518,5.2490,-0.67%
12-06-2018,5.3386,5.3258,5.4050,5.3176,0.23%
12-05-2018,5.3262,5.3833,5.4528,5.3020,-1.14%
12-04-2018,5.3875,5.2550,5.4623,5.2332,2.62%
12-03-2018,5.2501,5.2207,5.2938,5.1448,0.72%
11-30-2018,5.2128,5.1625,5.2571,5.1350,0.96%
11-29-2018,5.1631,5.2312,5.2389,5.1322,-1.13%
11-28-2018,5.2219,5.2789,5.2829,5.2097,-0.94%
11-27-2018,5.2716,5.2472,5.3003,5.2153,0.46%
11-26-2018,5.2477,5.2877,5.3009,5.2110,-0.75%
11-23-2018,5.2875,5.2870,5.3121,5.2520,-0.16%
11-22-2018,5.2960,5.3121,5.3517,5.2730,-0.23%
11-21-2018,5.3080,5.3769,5.4008,5.2786,-1.29%
11-20-2018,5.3776,5.2995,5.4387,5.2970,1.32%
11-19-2018,5.3075,5.3397,5.3734,5.2950,-0.46%
11-16-2018,5.3318,5.3482,5.3951,5.3033,-0.30%
11-15-2018,5.3481,5.4610,5.4715,5.3024,-2.09%
11-14-2018,5.4624,5.4827,5.5013,5.4456,-0.28%
11-13-2018,5.4776,5.4646,5.5299,5.4410,0.17%
11-12-2018,5.4685,5.4677,5.5239,5.4231,0.14%
11-09-2018,5.4606,5.4500,5.5421,5.4285,0.04%
11-08-2018,5.4583,5.3569,5.4762,5.3540,1.81%
11-07-2018,5.3612,5.3621,5.4179,5.3175,0.10%
11-06-2018,5.3560,5.3129,5.4181,5.2940,0.80%
11-05-2018,5.3134,5.4296,5.4755,5.2990,-2.14%
11-02-2018,5.4296,5.5085,5.5279,5.3980,-1.49%
11-01-2018,5.5118,5.5867,5.6525,5.5013,-1.28%
10-31-2018,5.5835,5.4680,5.6322,5.4612,1.99%
10-30-2018,5.4746,5.5677,5.5692,5.4608,-1.56%
10-29-2018,5.5611,5.5969,5.6037,5.5072,-0.57%
10-26-2018,5.5929,5.6353,5.6578,5.5626,-0.74%
10-25-2018,5.6345,5.7041,5.7417,5.6122,-1.19%
10-24-2018,5.7023,5.7469,5.7784,5.6531,-0.60%
10-23-2018,5.7370,5.6683,5.8780,5.6650,1.20%
10-22-2018,5.6689,5.6521,5.6958,5.6145,0.47%
10-19-2018,5.6425,5.6345,5.7005,5.5800,0.00%
10-18-2018,5.6425,5.5765,5.6831,5.5093,1.06%
10-17-2018,5.5835,5.6815,5.7207,5.5285,-1.80%
10-16-2018,5.6856,5.7896,5.8114,5.6623,-1.75%
10-15-2018,5.7867,5.8698,5.9051,5.7424,-1.45%
10-12-2018,5.8721,5.9253,5.9845,5.8068,-0.91%
10-11-2018,5.9258,6.0720,6.0849,5.8945,-2.47%
10-10-2018,6.0760,6.1042,6.1357,5.9971,-0.41%
10-09-2018,6.1011,6.1064,6.1604,6.0610,-0.16%
10-08-2018,6.1106,6.1380,6.1947,6.0908,-0.37%
10-05-2018,6.1333,6.1520,6.2123,6.0700,-0.48%
10-04-2018,6.1627,6.0389,6.2332,6.0339,1.93%
10-03-2018,6.0458,5.9730,6.0931,5.9530,1.02%
10-02-2018,5.9846,5.9315,6.0594,5.9005,0.82%
10-01-2018,5.9360,6.0670,6.0792,5.8870,-1.98%
09-28-2018,6.0560,6.0093,6.0942,5.9320,0.80%
09-27-2018,6.0080,6.1218,6.1499,5.9460,-1.62%
09-26-2018,6.1070,6.1570,6.2171,6.0520,-0.89%
09-25-2018,6.1618,6.1320,6.2244,6.0370,0.15%
09-24-2018,6.1524,6.2422,6.3361,6.0348,-2.25%
09-21-2018,6.2937,6.2006,6.3071,6.1790,1.58%
09-20-2018,6.1960,6.2639,6.3907,6.1180,-0.85%
09-19-2018,6.2493,6.3887,6.4204,6.2119,-2.12%
09-18-2018,6.3846,6.3258,6.4803,6.3064,1.11%
09-17-2018,6.3144,6.1809,6.3292,6.1363,2.34%
09-14-2018,6.1703,6.0640,6.1911,5.9820,1.47%
09-13-2018,6.0812,6.3549,6.5653,5.9989,-4.11%
09-12-2018,6.3420,6.4270,6.4821,6.3110,-1.37%
09-11-2018,6.4302,6.4706,6.5003,6.4134,-0.49%
09-10-2018,6.4616,6.3960,6.5071,6.3793,1.01%
09-07-2018,6.3970,6.5810,6.6201,6.3615,-2.82%
09-06-2018,6.5827,6.6105,6.6589,6.5339,-0.28%
09-05-2018,6.6011,6.6753,6.7419,6.5789,-1.05%
09-04-2018,6.6711,6.6200,6.7251,6.5654,0.56%
09-03-2018,6.6340,6.5299,6.7324,6.4890,1.47%
08-31-2018,6.5380,6.6740,6.8125,6.3765,-1.71%
08-30-2018,6.6519,6.4520,6.8350,6.4021,2.73%
08-29-2018,6.4752,6.3026,6.5138,6.2447,3.22%
08-28-2018,6.2730,6.1456,6.3130,6.1075,2.47%
08-27-2018,6.1217,6.0058,6.2978,5.9629,1.91%
08-24-2018,6.0068,6.0968,6.1357,5.9811,-1.92%
08-23-2018,6.1247,6.0564,6.1909,6.0277,1.21%
08-22-2018,6.0512,6.0719,6.1368,6.0218,-0.40%
08-21-2018,6.0758,6.1055,6.1796,6.0171,-0.08%
08-20-2018,6.0808,6.0280,6.2000,5.9520,1.11%
08-17-2018,6.0140,5.8200,6.3416,5.7180,3.21%
08-16-2018,5.8270,5.9280,6.0410,5.6675,-2.73%
08-15-2018,5.9905,6.3401,6.5955,5.8600,-5.73%
08-14-2018,6.3544,6.8868,6.9668,6.2804,-7.69%
08-13-2018,6.8834,6.4362,7.2393,6.4362,7.09%
08-10-2018,6.4275,5.5450,6.8020,5.5300,15.90%
08-09-2018,5.5457,5.2840,5.5720,5.2777,5.03%
08-08-2018,5.2800,5.2310,5.3112,5.2200,0.68%
08-07-2018,5.2443,5.3275,5.3696,5.1725,-1.61%
08-06-2018,5.3301,5.0798,5.4265,5.0798,4.89%
08-03-2018,5.0815,5.0655,5.1135,5.0528,0.31%
08-02-2018,5.0660,4.9924,5.0944,4.9591,1.42%
08-01-2018,4.9950,4.9136,5.0183,4.9086,1.64%
07-31-2018,4.9142,4.8845,4.9324,4.8734,0.65%
07-30-2018,4.8823,4.8459,4.9104,4.8407,0.61%
07-27-2018,4.8529,4.8644,4.8830,4.8340,-0.25%
07-26-2018,4.8649,4.7705,4.8845,4.7660,1.93%
07-25-2018,4.7728,4.8883,4.8924,4.7728,-2.32%
07-24-2018,4.8861,4.7415,4.9403,4.7345,3.09%
07-23-2018,4.7395,4.7939,4.7970,4.7305,-1.11%
07-20-2018,4.7927,4.8065,4.8269,4.7630,-0.29%
07-19-2018,4.8066,4.7970,4.8453,4.7875,0.24%
07-18-2018,4.7953,4.8075,4.8473,4.7625,-0.23%
07-17-2018,4.8065,4.8450,4.8606,4.7755,-0.82%
07-16-2018,4.8463,4.8435,4.8680,4.8180,-0.18%
07-13-2018,4.8552,4.8545,4.8753,4.8066,0.00%
07-12-2018,4.8552,4.8735,4.9721,4.7792,-0.43%
07-11-2018,4.8762,4.7035,4.8789,4.6923,3.58%
07-10-2018,4.7077,4.7358,4.7588,4.6448,-0.55%
07-09-2018,4.7338,4.5694,4.7488,4.5060,3.58%
07-06-2018,4.5704,4.5935,4.6198,4.5684,-0.48%
07-05-2018,4.5925,4.6692,4.6890,4.5813,-1.59%
07-04-2018,4.6667,4.6720,4.7234,4.6590,-0.08%
07-03-2018,4.6705,4.6175,4.6881,4.6080,1.18%
07-02-2018,4.6161,4.5908,4.6448,4.5813,0.63%
06-29-2018,4.5872,4.5830,4.6111,4.5445,0.04%
06-28-2018,4.5853,4.6245,4.6535,4.5733,-0.80%
06-27-2018,4.6225,4.6168,4.6590,4.5895,0.15%
06-26-2018,4.6155,4.6792,4.7169,4.6045,-1.40%
06-25-2018,4.6810,4.6600,4.7249,4.5350,0.08%
06-22-2018,4.6773,4.7185,4.7462,4.6585,-0.96%
06-21-2018,4.7225,4.7312,4.7700,4.7151,-0.22%
06-20-2018,4.7327,4.7319,4.7696,4.7220,-0.16%
06-19-2018,4.7402,4.7055,4.7763,4.6860,0.77%
06-18-2018,4.7042,4.7272,4.7458,4.6730,-0.55%
06-15-2018,4.7301,4.7267,4.7602,4.7073,0.09%
06-14-2018,4.7259,4.6319,4.7329,4.5910,1.74%
06-13-2018,4.6452,4.5953,4.6994,4.5812,1.04%
06-12-2018,4.5976,4.5229,4.5998,4.5191,1.63%
06-11-2018,4.5240,4.4774,4.5420,4.4610,1.12%
06-08-2018,4.4740,4.4800,4.5404,4.4591,-0.23%
06-07-2018,4.4844,4.5537,4.5872,4.4510,-1.56%
06-06-2018,4.5554,4.5980,4.6290,4.5358,-0.94%
06-05-2018,4.5985,4.5903,4.6337,4.5805,0.14%
06-04-2018,4.5921,4.6495,4.6791,4.5735,-1.26%
06-01-2018,4.6508,4.5240,4.6574,4.5140,2.79%
05-31-2018,4.5245,4.4590,4.5463,4.4495,1.33%
05-30-2018,4.4650,4.5483,4.5641,4.4410,-1.84%
05-29-2018,4.5488,4.5770,4.6358,4.5280,-0.73%
05-28-2018,4.5822,4.7130,4.7214,4.5495,-2.67%
05-25-2018,4.7081,4.7090,4.8030,4.6818,0.02%
05-24-2018,4.7073,4.5763,4.8032,4.5380,2.86%
05-23-2018,4.5762,4.6660,4.9241,4.5395,-1.99%
05-22-2018,4.6691,4.5744,4.6738,4.5375,2.06%
05-21-2018,4.5749,4.4902,4.6000,4.4864,1.85%
05-18-2018,4.4917,4.4570,4.5060,4.4365,0.70%
05-17-2018,4.4606,4.4110,4.4674,4.4095,1.06%
05-16-2018,4.4139,4.4430,4.5015,4.3900,-0.70%
05-15-2018,4.4450,4.3689,4.4770,4.3470,1.78%
05-14-2018,4.3674,4.3139,4.3714,4.3000,1.25%
05-11-2018,4.3136,4.2347,4.3180,4.2261,1.85%
05-10-2018,4.2352,4.2871,4.3084,4.2197,-1.22%
05-09-2018,4.2876,4.3290,4.3746,4.2510,-1.04%
05-08-2018,4.3327,4.2664,4.3382,4.2565,1.54%
05-07-2018,4.2669,4.2260,4.2729,4.2210,0.97%
05-04-2018,4.2260,4.2153,4.2921,4.2137,0.31%
05-03-2018,4.2131,4.1772,4.2450,4.1522,0.86%
05-02-2018,4.1771,4.1028,4.1876,4.0886,1.81%
05-01-2018,4.1030,4.0610,4.1254,4.0530,1.02%
04-30-2018,4.0617,4.0441,4.0740,4.0245,0.48%
04-27-2018,4.0422,4.0659,4.0800,4.0350,-0.60%
04-26-2018,4.0664,4.0813,4.0863,4.0545,-0.36%
04-25-2018,4.0809,4.0866,4.1116,4.0325,-0.12%
04-24-2018,4.0860,4.1077,4.1144,4.0775,-0.53%
04-23-2018,4.1079,4.0766,4.1110,4.0614,0.77%
04-20-2018,4.0766,4.0398,4.0790,4.0225,0.90%
04-19-2018,4.0403,4.0078,4.0500,4.0055,0.79%
04-18-2018,4.0086,4.0941,4.1086,4.0037,-2.17%
04-17-2018,4.0976,4.0967,4.1266,4.0697,0.03%
04-16-2018,4.0963,4.0984,4.1213,4.0865,-0.01%
04-13-2018,4.0969,4.1097,4.1173,4.0650,-0.32%
04-12-2018,4.1102,4.1308,4.1615,4.0813,-0.62%
04-11-2018,4.1360,4.1120,4.1950,4.1067,0.58%
04-10-2018,4.1121,4.0715,4.1393,4.0530,0.94%
04-09-2018,4.0737,4.0410,4.0761,4.0315,0.71%
04-06-2018,4.0449,4.0531,4.0680,4.0263,-0.16%
04-05-2018,4.0515,3.9970,4.0538,3.9942,1.31%
04-04-2018,3.9991,3.9894,4.0290,3.9832,0.26%
04-03-2018,3.9887,3.9719,3.9950,3.9670,0.38%
04-02-2018,3.9735,3.9542,3.9808,3.9496,0.46%
03-30-2018,3.9552,3.9426,3.9613,3.9370,0.33%
03-29-2018,3.9422,4.0080,4.0163,3.9325,-1.70%
03-28-2018,4.0103,3.9822,4.0169,3.9772,0.71%
03-27-2018,3.9819,3.9657,3.9981,3.9579,0.41%
03-26-2018,3.9657,3.9803,3.9963,3.9524,-0.42%
03-23-2018,3.9824,3.9311,4.0356,3.9311,1.22%
03-22-2018,3.9343,3.9097,3.9458,3.8969,0.66%
03-21-2018,3.9085,3.9350,3.9407,3.9062,-0.65%
03-20-2018,3.9339,3.9356,3.9535,3.9180,-0.06%
03-19-2018,3.9362,3.9119,3.9546,3.9119,0.42%
03-16-2018,3.9196,3.8955,3.9266,3.8875,0.62%
03-15-2018,3.8956,3.8791,3.9070,3.8721,0.41%
03-14-2018,3.8796,3.8731,3.8954,3.8524,0.16%
03-13-2018,3.8733,3.8439,3.8754,3.8325,0.77%
03-12-2018,3.8438,3.8102,3.8525,3.8037,0.86%
03-09-2018,3.8111,3.8238,3.8290,3.8000,-0.33%
03-08-2018,3.8236,3.7994,3.8285,3.7977,0.55%
03-07-2018,3.8027,3.7929,3.8098,3.7876,0.22%
03-06-2018,3.7942,3.8078,3.8131,3.7827,-0.37%
03-05-2018,3.8084,3.8074,3.8296,3.8038,0.03%
03-02-2018,3.8071,3.8057,3.8252,3.7990,0.04%
03-01-2018,3.8056,3.7996,3.8210,3.7939,0.18%
02-28-2018,3.7988,3.8151,3.8169,3.7925,-0.44%
02-27-2018,3.8155,3.7852,3.8160,3.7780,0.77%
02-26-2018,3.7864,3.7879,3.7985,3.7729,-0.11%
02-23-2018,3.7905,3.7845,3.7965,3.7760,0.16%
02-22-2018,3.7843,3.7866,3.8112,3.7782,-0.13%
